Key,English,Russian,German,French,ChineseSimplified,ChineseTraditional,Malay,Indonesian,Korean,Japanese,Lao,Vietnamese
Thai/Vocabulary/Shopping/Size,Size,Размер,Größe,Taille,尺码,尺碼,Saiz,Ukuran,사이즈,サイズ,ໄຊສ໌,Cỡ
Thai/Vocabulary/Shopping/Brand,Brand,Бренд,Marke,Marque,品牌,品牌,Jenama,Merek,브랜드,ブランド,ຍີ່ຫໍ້,Thương hiệu
Thai/Vocabulary/Shopping/I_ll take_I want to buy_order,"I’ll take, I want to buy/order","Я возьму, Я хочу купить/заказать","Ich nehme, Ich möchte kaufen/bestellen","Je prends, Je veux acheter/commander",我要，我想买/点,我要，我想買/點,"Saya ambil, Saya mahu beli/pesan","Saya ambil, Saya mau beli/pesan","이걸로 할게요, 사고/주문하고 싶어요",これにします、買いたい/注文したい,"ເອົາ, ຂ້ອຍຢາກຊື້/ສັ່ງ","Tôi lấy, Tôi muốn mua/gọi"
Thai/Vocabulary/Shopping/Wear,Wear,"Носить, надевать",Tragen,Porter,穿,穿,Pakai,Pakai,입다,着る,ໃສ່,Mặc
Thai/Vocabulary/Shopping/May I_Asking permissions,"May I..., Asking permissions","Можно мне..., Просьба о разрешении","Darf ich..., Um Erlaubnis bitten","Puis-je..., Demander la permission",我可以……，请求许可,我可以……，請求許可,"Boleh saya..., Meminta izin","Boleh saya..., Meminta izin","…해도 될까요, 허락 구하기",…してもいいですか、許可を求める,"ຂໍ..., ການຂໍອະນຸຍາດ","Cho tôi..., Xin phép"
Thai/Vocabulary/Shopping/Try_Try on,"Try, Try on","Пробовать, Примерять","Probieren, Anprobieren","Essayer, Essayer (un vêtement)",试，试穿,試，試穿,"Cuba, Cuba pakai","Coba, Coba pakai","해 보다, 입어 보다",試す、試着する,"ລອງ, ລອງໃສ່","Thử, Mặc thử"
Thai/Vocabulary/Shopping/Look_see,"Look, see","Смотреть, видеть","Schauen, sehen","Regarder, voir",看，看见,看，看見,"Lihat, tengok","Lihat, melihat",보다,見る,ເບິ່ງ,"Xem, nhìn"
Thai/Vocabulary/Shopping/Can_,Can?,Можно?,Geht das?,C’est possible ?,可以吗？,可以嗎？,Boleh?,Bisa?,돼요?,できますか？,ໄດ້ບໍ່?,Được không?
Thai/Vocabulary/Shopping/Can,Can,Можно,Kann,Peut,可以,可以,Boleh,Bisa,돼요,できる,ໄດ້,Được
Thai/Vocabulary/Shopping/Cannot,Cannot,Нельзя,Kann nicht,Ne peut pas,不可以,不可以,Tidak boleh,Tidak bisa,안 돼요,できない,ບໍ່ໄດ້,Không được
Thai/Vocabulary/Shopping/Beautiful,Beautiful,Красивый,Schön,Beau,漂亮,漂亮,Cantik,Cantik,예쁘다,きれい,ງາມ,Đẹp
Thai/Vocabulary/Shopping/Fit perfect,Fit perfect,Сидит идеально,Passt perfekt,Va parfaitement,刚好合适,剛好合適,Muat elok,Pas sekali,딱 맞다,ぴったり,ພໍດີ,Vừa vặn
Thai/Vocabulary/Shopping/Big,Big,Большой,Groß,Grand,大,大,Besar,Besar,크다,大きい,ໃຫຍ່,To
Thai/Vocabulary/Shopping/Small,Small,Маленький,Klein,Petit,小,小,Kecil,Kecil,작다,小さい,ນ້ອຍ,Nhỏ
Thai/Vocabulary/Shopping/Too much,Too much,Слишком,Zu sehr,Trop,太……了,太……了,Terlalu,Terlalu,너무,…すぎる,ເກີນໄປ,Quá
Thai/Vocabulary/Shopping/Change to,Change to,Поменять на,Wechseln zu,Changer pour,换成,換成,Tukar kepada,Ganti jadi,…로 바꾸다,…に替える,ປ່ຽນເປັນ,Đổi sang
Thai/Vocabulary/Shopping/A classifier for clothes,A classifier for clothes,Счётное слово для одежды,Zählwort für Kleidung,Classificateur pour les vêtements,衣服的量词,衣服的量詞,Penjodoh bilangan untuk pakaian,Kata penggolong untuk pakaian,옷을 세는 단위,衣服の助数詞,ຄຳລັກສະນະນາມສຳລັບເສື້ອຜ້າ,Loại từ cho quần áo
Thai/Vocabulary/Shopping/Lower,Lower,Снизить,Senken,Baisser,降低,降低,Kurangkan,Turunkan,낮추다,下げる,ຫຼຸດ,Giảm
Thai/Vocabulary/Shopping/Pay,Pay,Платить,Bezahlen,Payer,付钱,付錢,Bayar,Bayar,지불하다,払う,ຈ່າຍ,Trả tiền
Thai/Vocabulary/Shopping/Price,Price,Цена,Preis,Prix,价格,價格,Harga,Harga,가격,値段,ລາຄາ,Giá
Thai/Vocabulary/Shopping/How much,How much,Сколько,Wie viel,Combien,多少,多少,Berapa,Berapa,얼마,いくら,ເທົ່າໃດ,Bao nhiêu
Thai/Vocabulary/Shopping/Expensive,Expensive,Дорогой,Teuer,Cher,贵,貴,Mahal,Mahal,비싸다,高い,ແພງ,Đắt
Thai/Vocabulary/Shopping/Cheap,Cheap,Дешёвый,Billig,Bon marché,便宜,便宜,Murah,Murah,싸다,安い,ຖືກ,Rẻ
Thai/Vocabulary/Shopping/Kilogram,Kilogram,Килограмм,Kilogramm,Kilogramme,公斤,公斤,Kilogram,Kilogram,킬로그램,キログラム,ກິໂລ,Ký lô
Thai/Vocabulary/Shopping/Bag,Bag,Пакет,Tüte,Sac,袋子,袋子,Beg,Kantong,봉투,袋,ຖົງ,Túi